size,input,sm_id,block_idx,tile_iter,linear_tile,tile_m,tile_n,ktiles,k_start,k_count,core_k_count,base_clock,kt,stage_epoch,ring_stage,phase,event_id,related_kt,event,warp,start_raw,end_raw,start_rel,end_rel,cycles
16384,random,142,0,8,1225,25,12,256,56,11,8,51562745856519,56,2104,1,0,0,53,p0_wait_mma_m0,0,51562745856528,51562745857231,9,712,703
16384,random,142,0,8,1225,25,12,256,56,11,8,51562745856519,56,2104,1,0,1,53,p0_wait_mma_m1,0,51562745857231,51562745857293,712,774,62
16384,random,142,0,8,1225,25,12,256,56,11,8,51562745856519,56,2104,1,1,2,-1,p0_prepare_and_issue_tma_a,0,51562745857293,51562745857419,774,900,126
16384,random,142,0,8,1225,25,12,256,56,11,8,51562745856519,56,2104,1,1,3,-1,p0_prepare_and_issue_tma_b1,0,51562745857419,51562745857506,900,987,87
16384,random,142,0,8,1225,25,12,256,56,11,8,51562745856519,56,2104,1,0,4,53,p1_wait_mma_m0,1,51562745856519,51562745857233,0,714,714
16384,random,142,0,8,1225,25,12,256,56,11,8,51562745856519,56,2104,1,0,5,53,p1_wait_mma_m1,1,51562745857233,51562745857310,714,791,77
16384,random,142,0,8,1225,25,12,256,56,11,8,51562745856519,56,2104,1,1,6,-1,p1_prepare_and_issue_tma_b0,1,51562745857310,51562745857465,791,946,155
16384,random,142,0,8,1225,25,12,256,56,11,8,51562745856519,56,2104,1,1,7,-1,c2_wait_tma_a,2,51562745858629,51562745859177,2110,2658,548
16384,random,142,0,8,1225,25,12,256,56,11,8,51562745856519,56,2104,1,1,8,-1,c2_wait_tma_b0,2,51562745859177,51562745859263,2658,2744,86
16384,random,142,0,8,1225,25,12,256,56,11,8,51562745856519,56,2104,1,1,9,-1,c2_prepare_and_issue_mma_b0,2,51562745859263,51562745859428,2744,2909,165
16384,random,142,0,8,1225,25,12,256,56,11,8,51562745856519,56,2104,1,1,10,-1,c2_wait_tma_b1,2,51562745859428,51562745859502,2909,2983,74
16384,random,142,0,8,1225,25,12,256,56,11,8,51562745856519,56,2104,1,1,11,-1,c2_prepare_and_issue_mma_b1,2,51562745859502,51562745859651,2983,3132,149
16384,random,142,0,8,1225,25,12,256,56,11,8,51562745856519,56,2104,1,1,12,-1,c2_commit_mma,2,51562745859651,51562745859710,3132,3191,59
16384,random,142,0,8,1225,25,12,256,56,11,8,51562745856519,56,2104,1,1,13,-1,c3_wait_tma_a,3,51562745858757,51562745859158,2238,2639,401
16384,random,142,0,8,1225,25,12,256,56,11,8,51562745856519,56,2104,1,1,14,-1,c3_wait_tma_b0,3,51562745859158,51562745859244,2639,2725,86
16384,random,142,0,8,1225,25,12,256,56,11,8,51562745856519,56,2104,1,1,15,-1,c3_prepare_and_issue_mma_b0,3,51562745859244,51562745859409,2725,2890,165
16384,random,142,0,8,1225,25,12,256,56,11,8,51562745856519,56,2104,1,1,16,-1,c3_wait_tma_b1,3,51562745859409,51562745859483,2890,2964,74
16384,random,142,0,8,1225,25,12,256,56,11,8,51562745856519,56,2104,1,1,17,-1,c3_prepare_and_issue_mma_b1,3,51562745859483,51562745859632,2964,3113,149
16384,random,142,0,8,1225,25,12,256,56,11,8,51562745856519,56,2104,1,1,18,-1,c3_commit_mma,3,51562745859632,51562745859691,3113,3172,59
16384,random,142,0,8,1225,25,12,256,56,11,8,51562745856519,57,2105,2,0,0,54,p0_wait_mma_m0,0,51562745857584,51562745858114,1065,1595,530
16384,random,142,0,8,1225,25,12,256,56,11,8,51562745856519,57,2105,2,0,1,54,p0_wait_mma_m1,0,51562745858114,51562745858175,1595,1656,61
16384,random,142,0,8,1225,25,12,256,56,11,8,51562745856519,57,2105,2,1,2,-1,p0_prepare_and_issue_tma_a,0,51562745858175,51562745858254,1656,1735,79
16384,random,142,0,8,1225,25,12,256,56,11,8,51562745856519,57,2105,2,1,3,-1,p0_prepare_and_issue_tma_b1,0,51562745858254,51562745858325,1735,1806,71
16384,random,142,0,8,1225,25,12,256,56,11,8,51562745856519,57,2105,2,0,4,54,p1_wait_mma_m0,1,51562745857540,51562745858081,1021,1562,541
16384,random,142,0,8,1225,25,12,256,56,11,8,51562745856519,57,2105,2,0,5,54,p1_wait_mma_m1,1,51562745858081,51562745858155,1562,1636,74
16384,random,142,0,8,1225,25,12,256,56,11,8,51562745856519,57,2105,2,1,6,-1,p1_prepare_and_issue_tma_b0,1,51562745858155,51562745858264,1636,1745,109
16384,random,142,0,8,1225,25,12,256,56,11,8,51562745856519,57,2105,2,1,7,-1,c2_wait_tma_a,2,51562745860058,51562745860146,3539,3627,88
16384,random,142,0,8,1225,25,12,256,56,11,8,51562745856519,57,2105,2,1,8,-1,c2_wait_tma_b0,2,51562745860146,51562745860232,3627,3713,86
16384,random,142,0,8,1225,25,12,256,56,11,8,51562745856519,57,2105,2,1,9,-1,c2_prepare_and_issue_mma_b0,2,51562745860232,51562745860397,3713,3878,165
16384,random,142,0,8,1225,25,12,256,56,11,8,51562745856519,57,2105,2,1,10,-1,c2_wait_tma_b1,2,51562745860397,51562745860471,3878,3952,74
16384,random,142,0,8,1225,25,12,256,56,11,8,51562745856519,57,2105,2,1,11,-1,c2_prepare_and_issue_mma_b1,2,51562745860471,51562745860646,3952,4127,175
16384,random,142,0,8,1225,25,12,256,56,11,8,51562745856519,57,2105,2,1,12,-1,c2_commit_mma,2,51562745860646,51562745860861,4127,4342,215
16384,random,142,0,8,1225,25,12,256,56,11,8,51562745856519,57,2105,2,1,13,-1,c3_wait_tma_a,3,51562745859925,51562745860013,3406,3494,88
16384,random,142,0,8,1225,25,12,256,56,11,8,51562745856519,57,2105,2,1,14,-1,c3_wait_tma_b0,3,51562745860013,51562745860099,3494,3580,86
16384,random,142,0,8,1225,25,12,256,56,11,8,51562745856519,57,2105,2,1,15,-1,c3_prepare_and_issue_mma_b0,3,51562745860099,51562745860264,3580,3745,165
16384,random,142,0,8,1225,25,12,256,56,11,8,51562745856519,57,2105,2,1,16,-1,c3_wait_tma_b1,3,51562745860264,51562745860345,3745,3826,81
16384,random,142,0,8,1225,25,12,256,56,11,8,51562745856519,57,2105,2,1,17,-1,c3_prepare_and_issue_mma_b1,3,51562745860345,51562745860494,3826,3975,149
16384,random,142,0,8,1225,25,12,256,56,11,8,51562745856519,57,2105,2,1,18,-1,c3_commit_mma,3,51562745860494,51562745860553,3975,4034,59
16384,random,142,0,8,1225,25,12,256,56,11,8,51562745856519,58,2106,0,1,0,55,p0_wait_mma_m0,0,51562745858522,51562745859218,2003,2699,696
16384,random,142,0,8,1225,25,12,256,56,11,8,51562745856519,58,2106,0,1,1,55,p0_wait_mma_m1,0,51562745859218,51562745859279,2699,2760,61
16384,random,142,0,8,1225,25,12,256,56,11,8,51562745856519,58,2106,0,0,2,-1,p0_prepare_and_issue_tma_a,0,51562745859279,51562745859405,2760,2886,126
16384,random,142,0,8,1225,25,12,256,56,11,8,51562745856519,58,2106,0,0,3,-1,p0_prepare_and_issue_tma_b1,0,51562745859405,51562745859492,2886,2973,87
16384,random,142,0,8,1225,25,12,256,56,11,8,51562745856519,58,2106,0,1,4,55,p1_wait_mma_m0,1,51562745858444,51562745859306,1925,2787,862
16384,random,142,0,8,1225,25,12,256,56,11,8,51562745856519,58,2106,0,1,5,55,p1_wait_mma_m1,1,51562745859306,51562745859380,2787,2861,74
16384,random,142,0,8,1225,25,12,256,56,11,8,51562745856519,58,2106,0,0,6,-1,p1_prepare_and_issue_tma_b0,1,51562745859380,51562745859535,2861,3016,155
16384,random,142,0,8,1225,25,12,256,56,11,8,51562745856519,58,2106,0,0,7,-1,c2_wait_tma_a,2,51562745861078,51562745861166,4559,4647,88
16384,random,142,0,8,1225,25,12,256,56,11,8,51562745856519,58,2106,0,0,8,-1,c2_wait_tma_b0,2,51562745861166,51562745861252,4647,4733,86
16384,random,142,0,8,1225,25,12,256,56,11,8,51562745856519,58,2106,0,0,9,-1,c2_prepare_and_issue_mma_b0,2,51562745861252,51562745861417,4733,4898,165
16384,random,142,0,8,1225,25,12,256,56,11,8,51562745856519,58,2106,0,0,10,-1,c2_wait_tma_b1,2,51562745861417,51562745861491,4898,4972,74
16384,random,142,0,8,1225,25,12,256,56,11,8,51562745856519,58,2106,0,0,11,-1,c2_prepare_and_issue_mma_b1,2,51562745861491,51562745861798,4972,5279,307
16384,random,142,0,8,1225,25,12,256,56,11,8,51562745856519,58,2106,0,0,12,-1,c2_commit_mma,2,51562745861798,51562745861886,5279,5367,88
16384,random,142,0,8,1225,25,12,256,56,11,8,51562745856519,58,2106,0,0,13,-1,c3_wait_tma_a,3,51562745860821,51562745860909,4302,4390,88
16384,random,142,0,8,1225,25,12,256,56,11,8,51562745856519,58,2106,0,0,14,-1,c3_wait_tma_b0,3,51562745860909,51562745860995,4390,4476,86
16384,random,142,0,8,1225,25,12,256,56,11,8,51562745856519,58,2106,0,0,15,-1,c3_prepare_and_issue_mma_b0,3,51562745860995,51562745861160,4476,4641,165
16384,random,142,0,8,1225,25,12,256,56,11,8,51562745856519,58,2106,0,0,16,-1,c3_wait_tma_b1,3,51562745861160,51562745861241,4641,4722,81
16384,random,142,0,8,1225,25,12,256,56,11,8,51562745856519,58,2106,0,0,17,-1,c3_prepare_and_issue_mma_b1,3,51562745861241,51562745861390,4722,4871,149
16384,random,142,0,8,1225,25,12,256,56,11,8,51562745856519,58,2106,0,0,18,-1,c3_commit_mma,3,51562745861390,51562745861449,4871,4930,59
16384,random,142,0,8,1225,25,12,256,56,11,8,51562745856519,59,2107,1,1,0,56,p0_wait_mma_m0,0,51562745859570,51562745860553,3051,4034,983
16384,random,142,0,8,1225,25,12,256,56,11,8,51562745856519,59,2107,1,1,1,56,p0_wait_mma_m1,0,51562745860553,51562745860614,4034,4095,61
16384,random,142,0,8,1225,25,12,256,56,11,8,51562745856519,59,2107,1,0,2,-1,p0_prepare_and_issue_tma_a,0,51562745860614,51562745860693,4095,4174,79
16384,random,142,0,8,1225,25,12,256,56,11,8,51562745856519,59,2107,1,0,3,-1,p0_prepare_and_issue_tma_b1,0,51562745860693,51562745860764,4174,4245,71
16384,random,142,0,8,1225,25,12,256,56,11,8,51562745856519,59,2107,1,1,4,56,p1_wait_mma_m0,1,51562745859609,51562745860622,3090,4103,1013
16384,random,142,0,8,1225,25,12,256,56,11,8,51562745856519,59,2107,1,1,5,56,p1_wait_mma_m1,1,51562745860622,51562745860696,4103,4177,74
16384,random,142,0,8,1225,25,12,256,56,11,8,51562745856519,59,2107,1,0,6,-1,p1_prepare_and_issue_tma_b0,1,51562745860696,51562745860805,4177,4286,109
16384,random,142,0,8,1225,25,12,256,56,11,8,51562745856519,59,2107,1,0,7,-1,c2_wait_tma_a,2,51562745862101,51562745862355,5582,5836,254
16384,random,142,0,8,1225,25,12,256,56,11,8,51562745856519,59,2107,1,0,8,-1,c2_wait_tma_b0,2,51562745862355,51562745862441,5836,5922,86
16384,random,142,0,8,1225,25,12,256,56,11,8,51562745856519,59,2107,1,0,9,-1,c2_prepare_and_issue_mma_b0,2,51562745862441,51562745862606,5922,6087,165
16384,random,142,0,8,1225,25,12,256,56,11,8,51562745856519,59,2107,1,0,10,-1,c2_wait_tma_b1,2,51562745862606,51562745862680,6087,6161,74
16384,random,142,0,8,1225,25,12,256,56,11,8,51562745856519,59,2107,1,0,11,-1,c2_prepare_and_issue_mma_b1,2,51562745862680,51562745862829,6161,6310,149
16384,random,142,0,8,1225,25,12,256,56,11,8,51562745856519,59,2107,1,0,12,-1,c2_commit_mma,2,51562745862829,51562745862888,6310,6369,59
16384,random,142,0,8,1225,25,12,256,56,11,8,51562745856519,59,2107,1,0,13,-1,c3_wait_tma_a,3,51562745861717,51562745862417,5198,5898,700
16384,random,142,0,8,1225,25,12,256,56,11,8,51562745856519,59,2107,1,0,14,-1,c3_wait_tma_b0,3,51562745862417,51562745862503,5898,5984,86
16384,random,142,0,8,1225,25,12,256,56,11,8,51562745856519,59,2107,1,0,15,-1,c3_prepare_and_issue_mma_b0,3,51562745862503,51562745862668,5984,6149,165
16384,random,142,0,8,1225,25,12,256,56,11,8,51562745856519,59,2107,1,0,16,-1,c3_wait_tma_b1,3,51562745862668,51562745862742,6149,6223,74
16384,random,142,0,8,1225,25,12,256,56,11,8,51562745856519,59,2107,1,0,17,-1,c3_prepare_and_issue_mma_b1,3,51562745862742,51562745862891,6223,6372,149
16384,random,142,0,8,1225,25,12,256,56,11,8,51562745856519,59,2107,1,0,18,-1,c3_commit_mma,3,51562745862891,51562745862950,6372,6431,59
16384,random,142,0,8,1225,25,12,256,56,11,8,51562745856519,60,2108,2,1,0,57,p0_wait_mma_m0,0,51562745860962,51562745861516,4443,4997,554
16384,random,142,0,8,1225,25,12,256,56,11,8,51562745856519,60,2108,2,1,1,57,p0_wait_mma_m1,0,51562745861516,51562745861577,4997,5058,61
16384,random,142,0,8,1225,25,12,256,56,11,8,51562745856519,60,2108,2,0,2,-1,p0_prepare_and_issue_tma_a,0,51562745861577,51562745861703,5058,5184,126
16384,random,142,0,8,1225,25,12,256,56,11,8,51562745856519,60,2108,2,0,3,-1,p0_prepare_and_issue_tma_b1,0,51562745861703,51562745861790,5184,5271,87
16384,random,142,0,8,1225,25,12,256,56,11,8,51562745856519,60,2108,2,1,4,57,p1_wait_mma_m0,1,51562745860985,51562745861552,4466,5033,567
16384,random,142,0,8,1225,25,12,256,56,11,8,51562745856519,60,2108,2,1,5,57,p1_wait_mma_m1,1,51562745861552,51562745861626,5033,5107,74
16384,random,142,0,8,1225,25,12,256,56,11,8,51562745856519,60,2108,2,0,6,-1,p1_prepare_and_issue_tma_b0,1,51562745861626,51562745861781,5107,5262,155
16384,random,142,0,8,1225,25,12,256,56,11,8,51562745856519,60,2108,2,0,7,-1,c2_wait_tma_a,2,51562745863123,51562745863211,6604,6692,88
16384,random,142,0,8,1225,25,12,256,56,11,8,51562745856519,60,2108,2,0,8,-1,c2_wait_tma_b0,2,51562745863211,51562745863297,6692,6778,86
16384,random,142,0,8,1225,25,12,256,56,11,8,51562745856519,60,2108,2,0,9,-1,c2_prepare_and_issue_mma_b0,2,51562745863297,51562745863462,6778,6943,165
16384,random,142,0,8,1225,25,12,256,56,11,8,51562745856519,60,2108,2,0,10,-1,c2_wait_tma_b1,2,51562745863462,51562745863536,6943,7017,74
16384,random,142,0,8,1225,25,12,256,56,11,8,51562745856519,60,2108,2,0,11,-1,c2_prepare_and_issue_mma_b1,2,51562745863536,51562745863685,7017,7166,149
16384,random,142,0,8,1225,25,12,256,56,11,8,51562745856519,60,2108,2,0,12,-1,c2_commit_mma,2,51562745863685,51562745863744,7166,7225,59
16384,random,142,0,8,1225,25,12,256,56,11,8,51562745856519,60,2108,2,0,13,-1,c3_wait_tma_a,3,51562745863252,51562745863340,6733,6821,88
16384,random,142,0,8,1225,25,12,256,56,11,8,51562745856519,60,2108,2,0,14,-1,c3_wait_tma_b0,3,51562745863340,51562745863426,6821,6907,86
16384,random,142,0,8,1225,25,12,256,56,11,8,51562745856519,60,2108,2,0,15,-1,c3_prepare_and_issue_mma_b0,3,51562745863426,51562745863591,6907,7072,165
16384,random,142,0,8,1225,25,12,256,56,11,8,51562745856519,60,2108,2,0,16,-1,c3_wait_tma_b1,3,51562745863591,51562745863670,7072,7151,79
16384,random,142,0,8,1225,25,12,256,56,11,8,51562745856519,60,2108,2,0,17,-1,c3_prepare_and_issue_mma_b1,3,51562745863670,51562745863843,7151,7324,173
16384,random,142,0,8,1225,25,12,256,56,11,8,51562745856519,60,2108,2,0,18,-1,c3_commit_mma,3,51562745863843,51562745864058,7324,7539,215
16384,random,142,0,8,1225,25,12,256,56,11,8,51562745856519,61,2109,0,0,0,58,p0_wait_mma_m0,0,51562745861869,51562745862544,5350,6025,675
16384,random,142,0,8,1225,25,12,256,56,11,8,51562745856519,61,2109,0,0,1,58,p0_wait_mma_m1,0,51562745862544,51562745862605,6025,6086,61
16384,random,142,0,8,1225,25,12,256,56,11,8,51562745856519,61,2109,0,1,2,-1,p0_prepare_and_issue_tma_a,0,51562745862605,51562745862684,6086,6165,79
16384,random,142,0,8,1225,25,12,256,56,11,8,51562745856519,61,2109,0,1,3,-1,p0_prepare_and_issue_tma_b1,0,51562745862684,51562745862755,6165,6236,71
16384,random,142,0,8,1225,25,12,256,56,11,8,51562745856519,61,2109,0,0,4,58,p1_wait_mma_m0,1,51562745861856,51562745862548,5337,6029,692
16384,random,142,0,8,1225,25,12,256,56,11,8,51562745856519,61,2109,0,0,5,58,p1_wait_mma_m1,1,51562745862548,51562745862622,6029,6103,74
16384,random,142,0,8,1225,25,12,256,56,11,8,51562745856519,61,2109,0,1,6,-1,p1_prepare_and_issue_tma_b0,1,51562745862622,51562745862731,6103,6212,109
16384,random,142,0,8,1225,25,12,256,56,11,8,51562745856519,61,2109,0,1,7,-1,c2_wait_tma_a,2,51562745864019,51562745864107,7500,7588,88
16384,random,142,0,8,1225,25,12,256,56,11,8,51562745856519,61,2109,0,1,8,-1,c2_wait_tma_b0,2,51562745864107,51562745864193,7588,7674,86
16384,random,142,0,8,1225,25,12,256,56,11,8,51562745856519,61,2109,0,1,9,-1,c2_prepare_and_issue_mma_b0,2,51562745864193,51562745864358,7674,7839,165
16384,random,142,0,8,1225,25,12,256,56,11,8,51562745856519,61,2109,0,1,10,-1,c2_wait_tma_b1,2,51562745864358,51562745864432,7839,7913,74
16384,random,142,0,8,1225,25,12,256,56,11,8,51562745856519,61,2109,0,1,11,-1,c2_prepare_and_issue_mma_b1,2,51562745864432,51562745864581,7913,8062,149
16384,random,142,0,8,1225,25,12,256,56,11,8,51562745856519,61,2109,0,1,12,-1,c2_commit_mma,2,51562745864581,51562745864640,8062,8121,59
16384,random,142,0,8,1225,25,12,256,56,11,8,51562745856519,61,2109,0,1,13,-1,c3_wait_tma_a,3,51562745864275,51562745864363,7756,7844,88
16384,random,142,0,8,1225,25,12,256,56,11,8,51562745856519,61,2109,0,1,14,-1,c3_wait_tma_b0,3,51562745864363,51562745864449,7844,7930,86
16384,random,142,0,8,1225,25,12,256,56,11,8,51562745856519,61,2109,0,1,15,-1,c3_prepare_and_issue_mma_b0,3,51562745864449,51562745864614,7930,8095,165
16384,random,142,0,8,1225,25,12,256,56,11,8,51562745856519,61,2109,0,1,16,-1,c3_wait_tma_b1,3,51562745864614,51562745864694,8095,8175,80
16384,random,142,0,8,1225,25,12,256,56,11,8,51562745856519,61,2109,0,1,17,-1,c3_prepare_and_issue_mma_b1,3,51562745864694,51562745864995,8175,8476,301
16384,random,142,0,8,1225,25,12,256,56,11,8,51562745856519,61,2109,0,1,18,-1,c3_commit_mma,3,51562745864995,51562745865083,8476,8564,88
16384,random,142,0,8,1225,25,12,256,56,11,8,51562745856519,62,2110,1,0,0,59,p0_wait_mma_m0,0,51562745862952,51562745863656,6433,7137,704
16384,random,142,0,8,1225,25,12,256,56,11,8,51562745856519,62,2110,1,0,1,59,p0_wait_mma_m1,0,51562745863656,51562745863717,7137,7198,61
16384,random,142,0,8,1225,25,12,256,56,11,8,51562745856519,62,2110,1,1,2,-1,p0_prepare_and_issue_tma_a,0,51562745863717,51562745863844,7198,7325,127
16384,random,142,0,8,1225,25,12,256,56,11,8,51562745856519,62,2110,1,1,3,-1,p0_prepare_and_issue_tma_b1,0,51562745863844,51562745863931,7325,7412,87
16384,random,142,0,8,1225,25,12,256,56,11,8,51562745856519,62,2110,1,0,4,59,p1_wait_mma_m0,1,51562745862911,51562745863792,6392,7273,881
16384,random,142,0,8,1225,25,12,256,56,11,8,51562745856519,62,2110,1,0,5,59,p1_wait_mma_m1,1,51562745863792,51562745863866,7273,7347,74
16384,random,142,0,8,1225,25,12,256,56,11,8,51562745856519,62,2110,1,1,6,-1,p1_prepare_and_issue_tma_b0,1,51562745863866,51562745864023,7347,7504,157
16384,random,142,0,8,1225,25,12,256,56,11,8,51562745856519,62,2110,1,1,7,-1,c2_wait_tma_a,2,51562745864920,51562745865624,8401,9105,704
16384,random,142,0,8,1225,25,12,256,56,11,8,51562745856519,62,2110,1,1,8,-1,c2_wait_tma_b0,2,51562745865624,51562745865710,9105,9191,86
16384,random,142,0,8,1225,25,12,256,56,11,8,51562745856519,62,2110,1,1,9,-1,c2_prepare_and_issue_mma_b0,2,51562745865710,51562745865875,9191,9356,165
16384,random,142,0,8,1225,25,12,256,56,11,8,51562745856519,62,2110,1,1,10,-1,c2_wait_tma_b1,2,51562745865875,51562745865949,9356,9430,74
16384,random,142,0,8,1225,25,12,256,56,11,8,51562745856519,62,2110,1,1,11,-1,c2_prepare_and_issue_mma_b1,2,51562745865949,51562745866098,9430,9579,149
16384,random,142,0,8,1225,25,12,256,56,11,8,51562745856519,62,2110,1,1,12,-1,c2_commit_mma,2,51562745866098,51562745866157,9579,9638,59
16384,random,142,0,8,1225,25,12,256,56,11,8,51562745856519,62,2110,1,1,13,-1,c3_wait_tma_a,3,51562745865298,51562745865546,8779,9027,248
16384,random,142,0,8,1225,25,12,256,56,11,8,51562745856519,62,2110,1,1,14,-1,c3_wait_tma_b0,3,51562745865546,51562745865632,9027,9113,86
16384,random,142,0,8,1225,25,12,256,56,11,8,51562745856519,62,2110,1,1,15,-1,c3_prepare_and_issue_mma_b0,3,51562745865632,51562745865797,9113,9278,165
16384,random,142,0,8,1225,25,12,256,56,11,8,51562745856519,62,2110,1,1,16,-1,c3_wait_tma_b1,3,51562745865797,51562745865872,9278,9353,75
16384,random,142,0,8,1225,25,12,256,56,11,8,51562745856519,62,2110,1,1,17,-1,c3_prepare_and_issue_mma_b1,3,51562745865872,51562745866021,9353,9502,149
16384,random,142,0,8,1225,25,12,256,56,11,8,51562745856519,62,2110,1,1,18,-1,c3_commit_mma,3,51562745866021,51562745866080,9502,9561,59
16384,random,142,0,8,1225,25,12,256,56,11,8,51562745856519,63,2111,2,0,0,60,p0_wait_mma_m0,0,51562745864011,51562745864693,7492,8174,682
16384,random,142,0,8,1225,25,12,256,56,11,8,51562745856519,63,2111,2,0,1,60,p0_wait_mma_m1,0,51562745864693,51562745864755,8174,8236,62
16384,random,142,0,8,1225,25,12,256,56,11,8,51562745856519,63,2111,2,1,2,-1,p0_prepare_and_issue_tma_a,0,51562745864755,51562745864834,8236,8315,79
16384,random,142,0,8,1225,25,12,256,56,11,8,51562745856519,63,2111,2,1,3,-1,p0_prepare_and_issue_tma_b1,0,51562745864834,51562745864905,8315,8386,71
16384,random,142,0,8,1225,25,12,256,56,11,8,51562745856519,63,2111,2,0,4,60,p1_wait_mma_m0,1,51562745864098,51562745864638,7579,8119,540
16384,random,142,0,8,1225,25,12,256,56,11,8,51562745856519,63,2111,2,0,5,60,p1_wait_mma_m1,1,51562745864638,51562745864712,8119,8193,74
16384,random,142,0,8,1225,25,12,256,56,11,8,51562745856519,63,2111,2,1,6,-1,p1_prepare_and_issue_tma_b0,1,51562745864712,51562745864821,8193,8302,109
16384,random,142,0,8,1225,25,12,256,56,11,8,51562745856519,63,2111,2,1,7,-1,c2_wait_tma_a,2,51562745866443,51562745866531,9924,10012,88
16384,random,142,0,8,1225,25,12,256,56,11,8,51562745856519,63,2111,2,1,8,-1,c2_wait_tma_b0,2,51562745866531,51562745866617,10012,10098,86
16384,random,142,0,8,1225,25,12,256,56,11,8,51562745856519,63,2111,2,1,9,-1,c2_prepare_and_issue_mma_b0,2,51562745866617,51562745866782,10098,10263,165
16384,random,142,0,8,1225,25,12,256,56,11,8,51562745856519,63,2111,2,1,10,-1,c2_wait_tma_b1,2,51562745866782,51562745866856,10263,10337,74
16384,random,142,0,8,1225,25,12,256,56,11,8,51562745856519,63,2111,2,1,11,-1,c2_prepare_and_issue_mma_b1,2,51562745866856,51562745867005,10337,10486,149
16384,random,142,0,8,1225,25,12,256,56,11,8,51562745856519,63,2111,2,1,12,-1,c2_commit_mma,2,51562745867005,51562745867064,10486,10545,59
16384,random,142,0,8,1225,25,12,256,56,11,8,51562745856519,63,2111,2,1,13,-1,c3_wait_tma_a,3,51562745866319,51562745866407,9800,9888,88
16384,random,142,0,8,1225,25,12,256,56,11,8,51562745856519,63,2111,2,1,14,-1,c3_wait_tma_b0,3,51562745866407,51562745866654,9888,10135,247
16384,random,142,0,8,1225,25,12,256,56,11,8,51562745856519,63,2111,2,1,15,-1,c3_prepare_and_issue_mma_b0,3,51562745866654,51562745866819,10135,10300,165
16384,random,142,0,8,1225,25,12,256,56,11,8,51562745856519,63,2111,2,1,16,-1,c3_wait_tma_b1,3,51562745866819,51562745866893,10300,10374,74
16384,random,142,0,8,1225,25,12,256,56,11,8,51562745856519,63,2111,2,1,17,-1,c3_prepare_and_issue_mma_b1,3,51562745866893,51562745867042,10374,10523,149
16384,random,142,0,8,1225,25,12,256,56,11,8,51562745856519,63,2111,2,1,18,-1,c3_commit_mma,3,51562745867042,51562745867121,10523,10602,79
16384,random,142,0,8,1225,25,12,256,56,11,8,51562745856519,64,2112,0,1,0,61,p0_wait_mma_m0,0,51562745865103,51562745865513,8584,8994,410
16384,random,142,0,8,1225,25,12,256,56,11,8,51562745856519,64,2112,0,1,1,61,p0_wait_mma_m1,0,51562745865513,51562745865734,8994,9215,221
16384,random,142,0,8,1225,25,12,256,56,11,8,51562745856519,64,2112,0,1,4,61,p1_wait_mma_m0,1,51562745865001,51562745865575,8482,9056,574
16384,random,142,0,8,1225,25,12,256,56,11,8,51562745856519,64,2112,0,1,5,61,p1_wait_mma_m1,1,51562745865575,51562745865816,9056,9297,241
16384,random,142,0,8,1225,25,12,256,56,11,8,51562745856519,65,2113,1,1,0,62,p0_wait_mma_m0,0,51562745866018,51562745866846,9499,10327,828
16384,random,142,0,8,1225,25,12,256,56,11,8,51562745856519,65,2113,1,1,1,62,p0_wait_mma_m1,0,51562745866846,51562745866907,10327,10388,61
16384,random,142,0,8,1225,25,12,256,56,11,8,51562745856519,65,2113,1,1,4,62,p1_wait_mma_m0,1,51562745866037,51562745866879,9518,10360,842
16384,random,142,0,8,1225,25,12,256,56,11,8,51562745856519,65,2113,1,1,5,62,p1_wait_mma_m1,1,51562745866879,51562745866953,10360,10434,74
16384,random,142,0,8,1225,25,12,256,56,11,8,51562745856519,66,2114,2,1,0,63,p0_wait_mma_m0,0,51562745867254,51562745867950,10735,11431,696
16384,random,142,0,8,1225,25,12,256,56,11,8,51562745856519,66,2114,2,1,1,63,p0_wait_mma_m1,0,51562745867950,51562745868011,11431,11492,61
16384,random,142,0,8,1225,25,12,256,56,11,8,51562745856519,66,2114,2,1,4,63,p1_wait_mma_m0,1,51562745867243,51562745867958,10724,11439,715
16384,random,142,0,8,1225,25,12,256,56,11,8,51562745856519,66,2114,2,1,5,63,p1_wait_mma_m1,1,51562745867958,51562745868032,11439,11513,74
