mode,elapsed_ms,iter,pipe,warp_id,tma_start,tma_end,tma_cycles,mma_start,mma_end,mma_cycles,ld_start,ld_end,ld_cycles,pack_start,pack_end,pack_cycles,st_start,st_end,st_cycles,v_tma_start,v_tma_end,v_tma_cycles,pv_start,pv_end,pv_cycles,total_start,total_end,total_cycles,ld_warp0_start,ld_warp0_end,ld_warp1_start,ld_warp1_end,ld_warp2_start,ld_warp2_end,ld_warp3_start,ld_warp3_end,ld_warp4_start,ld_warp4_end,ld_warp5_start,ld_warp5_end,ld_warp6_start,ld_warp6_end,ld_warp7_start,ld_warp7_end,pack_warp0_start,pack_warp0_end,pack_warp1_start,pack_warp1_end,pack_warp2_start,pack_warp2_end,pack_warp3_start,pack_warp3_end,pack_warp4_start,pack_warp4_end,pack_warp5_start,pack_warp5_end,pack_warp6_start,pack_warp6_end,pack_warp7_start,pack_warp7_end,st_warp0_start,st_warp0_end,st_warp1_start,st_warp1_end,st_warp2_start,st_warp2_end,st_warp3_start,st_warp3_end,st_warp4_start,st_warp4_end,st_warp5_start,st_warp5_end,st_warp6_start,st_warp6_end,st_warp7_start,st_warp7_end,status,cuda_error,notes
qk_pack_smem_pv_2pipe_trace,0.105376,0,0,0,27359,28524,1165,28671,29922,1251,29987,32115,2128,30010,33100,3090,31126,33779,2653,27782,29016,1234,34249,35236,987,27359,35236,7877,29987,30008,31425,31652,30244,30270,32032,32108,30219,30240,32002,32115,30213,30237,31969,32088,30010,31124,31699,32466,30272,31352,32155,33094,30242,31331,32162,32951,30239,31336,32133,33100,31126,31411,32468,32692,31354,32019,33096,33779,31333,31987,32953,33373,31338,31955,33102,33703,ok,no error,warp0_1_k_tma_qk_mma_warp2_3_v_tma_pv_mma_pipe_consumers_x64_exp2_pack_store_x2_p_done_after_ld_pv_pingpong_dep
qk_pack_smem_pv_2pipe_trace,0.105376,1,1,1,27353,28240,887,28387,29917,1530,29975,31891,1916,30000,32946,2946,31076,33407,2331,27778,28804,1026,35181,36156,975,27353,36156,8803,29975,29998,31265,31297,30227,30251,31793,31868,30206,30229,31623,31740,30230,30256,31823,31891,30000,31074,31340,32149,30253,31283,31910,32922,30231,31244,31782,32602,30258,31284,31933,32946,31076,31250,32151,32286,31285,31779,32924,33335,31246,31610,32604,32732,31286,31810,32948,33407,ok,no error,warp0_1_k_tma_qk_mma_warp2_3_v_tma_pv_mma_pipe_consumers_x64_exp2_pack_store_x2_p_done_after_ld_pv_pingpong_dep
qk_pack_smem_pv_2pipe_trace,0.105376,2,0,0,30019,31066,1047,32232,33400,1168,35162,36322,1160,35181,37345,2164,35803,38409,2606,35430,36296,866,38973,39918,945,30019,39918,9899,35162,35179,36190,36207,35173,35190,36208,36225,35168,35185,36305,36322,35172,35191,36303,36320,35181,35801,36254,37304,35192,35809,36272,37312,35187,35843,36369,37320,35193,35841,36367,37345,35803,36021,37306,38409,35811,36045,37314,38385,35845,36175,37322,38319,35843,36178,37347,38345,ok,no error,warp0_1_k_tma_qk_mma_warp2_3_v_tma_pv_mma_pipe_consumers_x64_exp2_pack_store_x2_p_done_after_ld_pv_pingpong_dep
qk_pack_smem_pv_2pipe_trace,0.105376,3,1,1,30009,30822,813,32002,33081,1079,36124,38222,2098,36143,38891,2748,37215,39374,2159,36554,37532,978,39947,40816,869,30009,40816,10807,36124,36141,38205,38222,36130,36147,38197,38214,36126,36143,37886,37903,36129,36146,38012,38029,36143,37253,38265,38873,36149,37261,38256,38891,36145,37213,37945,38527,36148,37221,38071,38656,37255,38062,38875,39374,37263,38038,38893,39346,37215,37729,38532,38971,37223,37850,38658,39140,ok,no error,warp0_1_k_tma_qk_mma_warp2_3_v_tma_pv_mma_pipe_consumers_x64_exp2_pack_store_x2_p_done_after_ld_pv_pingpong_dep
qk_pack_smem_pv_2pipe_trace,0.105376,4,0,0,33585,34484,899,36438,37205,767,39938,41222,1284,39961,42126,2165,40596,42864,2268,40099,40984,885,43433,44332,899,33585,44332,10747,39942,39963,40800,40930,39938,39959,40794,40917,39943,39964,40944,40994,40258,40279,41200,41222,39965,40596,40977,42007,39961,40594,40964,41994,39966,40643,41041,42011,40281,41043,41269,42126,40598,40785,42009,42864,40596,40779,41996,42838,40645,40930,42013,42743,41045,41182,42128,42620,ok,no error,warp0_1_k_tma_qk_mma_warp2_3_v_tma_pv_mma_pipe_consumers_x64_exp2_pack_store_x2_p_done_after_ld_pv_pingpong_dep
qk_pack_smem_pv_2pipe_trace,0.105376,5,1,1,33607,34745,1138,38337,39210,873,40758,42765,2007,40782,43468,2686,41811,43765,1954,41018,41944,926,44363,45133,770,33607,45133,11526,40814,40835,42612,42765,40807,40828,42545,42693,40804,40825,42330,42477,40758,40780,41997,42177,40837,41937,42809,43468,40830,41913,42735,43344,40827,41873,42519,43094,40782,41809,42221,42778,41939,42599,43470,43765,41915,42532,43346,43748,41875,42317,43096,43352,41811,41984,42780,43126,ok,no error,warp0_1_k_tma_qk_mma_warp2_3_v_tma_pv_mma_pipe_consumers_x64_exp2_pack_store_x2_p_done_after_ld_pv_pingpong_dep
qk_pack_smem_pv_2pipe_trace,0.105376,6,0,0,37682,38808,1126,41342,42282,940,44318,45497,1179,44337,46314,1977,44973,47204,2231,44542,45394,852,48400,49253,853,37682,49253,11571,44323,44340,45432,45449,44318,44335,45401,45418,44326,44343,45480,45497,44327,44344,45480,45497,44342,44979,45494,46300,44337,44971,45465,46290,44345,45013,45544,46290,44346,45003,45547,46314,44981,45220,46302,47050,44973,45196,46292,47204,45015,45372,46292,47065,45005,45361,46316,47122,ok,no error,warp0_1_k_tma_qk_mma_warp2_3_v_tma_pv_mma_pipe_consumers_x64_exp2_pack_store_x2_p_done_after_ld_pv_pingpong_dep
qk_pack_smem_pv_2pipe_trace,0.105376,7,1,1,39457,40368,911,42884,43871,987,45077,46896,1819,45096,47539,2443,45906,48012,2106,45549,46449,900,49154,49923,769,39457,49923,10466,45081,45098,46616,46633,45084,45101,46879,46896,45079,45096,46552,46569,45077,45094,46657,46674,45100,45929,46675,47264,45103,46016,46938,47539,45098,45904,46611,47166,45096,45936,46720,47282,45931,46443,47266,47938,46018,46749,47541,48012,45906,46125,47168,47464,45938,46484,47284,47978,ok,no error,warp0_1_k_tma_qk_mma_warp2_3_v_tma_pv_mma_pipe_consumers_x64_exp2_pack_store_x2_p_done_after_ld_pv_pingpong_dep
qk_pack_smem_pv_2pipe_trace,0.105376,8,0,0,42984,43844,860,45617,46374,757,49144,50300,1156,49167,51381,2214,49800,52192,2392,49569,50433,864,52761,53950,1189,42984,53950,10966,49144,49165,50070,50193,49155,49176,50122,50238,49147,49168,50199,50281,49150,49174,50218,50300,49167,49798,50257,51351,49178,49814,50284,51350,49170,49832,50328,51352,49176,49831,50349,51381,49800,50057,51353,52117,49816,50109,51352,52192,49834,50181,51354,52029,49833,50205,51383,52104,ok,no error,warp0_1_k_tma_qk_mma_warp2_3_v_tma_pv_mma_pipe_consumers_x64_exp2_pack_store_x2_p_done_after_ld_pv_pingpong_dep
qk_pack_smem_pv_2pipe_trace,0.105376,9,1,1,44006,44884,878,47009,47939,930,50157,52190,2033,50180,52870,2690,51278,53231,1953,50452,51376,924,53889,54692,803,44006,54692,10686,50160,50181,51888,52025,50170,50191,52061,52190,50167,50191,51709,51852,50157,50178,51640,51796,50183,51293,52067,52692,50193,51324,52237,52870,50193,51276,51894,52486,50180,51276,51838,52417,51295,51875,52694,53133,51326,52048,52872,53231,51278,51696,52488,52969,51278,51627,52419,52945,ok,no error,warp0_1_k_tma_qk_mma_warp2_3_v_tma_pv_mma_pipe_consumers_x64_exp2_pack_store_x2_p_done_after_ld_pv_pingpong_dep
qk_pack_smem_pv_2pipe_trace,0.105376,10,0,0,46953,47999,1046,50419,51180,761,53863,55096,1233,53882,55929,2047,54573,56862,2289,54142,54991,849,57832,58684,852,46953,58684,11731,53865,53882,55008,55025,53869,53886,55017,55035,53863,53880,55074,55091,53868,53885,55078,55096,53884,54571,55070,55875,53888,54571,55082,55857,53882,54605,55139,55929,53887,54595,55144,55890,54573,54826,55877,56862,54573,54835,55859,56782,54607,54959,55931,56507,54597,54958,55892,56706,ok,no error,warp0_1_k_tma_qk_mma_warp2_3_v_tma_pv_mma_pipe_consumers_x64_exp2_pack_store_x2_p_done_after_ld_pv_pingpong_dep
qk_pack_smem_pv_2pipe_trace,0.105376,11,1,1,48199,49135,936,52314,53102,788,54645,56375,1730,54665,57004,2339,55442,57586,2144,55165,56103,938,58590,59344,754,48199,59344,11145,54649,54666,56358,56375,54651,54668,56323,56340,54645,54663,55747,55764,54647,54664,56121,56138,54668,55537,56417,57004,54670,55535,56382,56977,54665,55440,55817,56397,54666,55487,56180,56738,55539,56147,57006,57586,55537,56115,56979,57531,55442,55574,56399,56947,55489,55718,56740,57228,ok,no error,warp0_1_k_tma_qk_mma_warp2_3_v_tma_pv_mma_pipe_consumers_x64_exp2_pack_store_x2_p_done_after_ld_pv_pingpong_dep
qk_pack_smem_pv_2pipe_trace,0.105376,12,0,0,51277,52228,951,55214,55991,777,58577,59765,1188,58600,60803,2203,59244,61560,2316,58811,59666,855,62086,63183,1097,51277,63183,11906,58583,58604,59529,59675,58586,58607,59550,59691,58577,58598,59602,59727,58580,58601,59703,59765,58606,59242,59722,60783,58609,59250,59733,60788,58600,59266,59773,60760,58603,59276,59816,60803,59244,59516,60785,61560,59252,59537,60790,61408,59268,59583,60762,61299,59278,59685,60805,61379,ok,no error,warp0_1_k_tma_qk_mma_warp2_3_v_tma_pv_mma_pipe_consumers_x64_exp2_pack_store_x2_p_done_after_ld_pv_pingpong_dep
qk_pack_smem_pv_2pipe_trace,0.105376,13,1,1,53326,54178,852,56486,57501,1015,59565,61660,2095,59588,62333,2745,60639,62590,1951,59747,60689,942,63219,63990,771,53326,63990,10664,59578,59599,61288,61428,59811,59832,61588,61660,59568,59592,60805,60953,59565,59586,60885,61025,59601,60717,61473,62073,59834,60865,61716,62333,59594,60637,60995,61573,59588,60653,61067,61634,60719,61275,62075,62318,60867,61575,62335,62590,60639,60791,61575,61893,60655,60872,61636,61956,ok,no error,warp0_1_k_tma_qk_mma_warp2_3_v_tma_pv_mma_pipe_consumers_x64_exp2_pack_store_x2_p_done_after_ld_pv_pingpong_dep
qk_pack_smem_pv_2pipe_trace,0.105376,14,0,0,56683,57962,1279,59887,60835,948,63175,64360,1185,63194,65171,1977,63830,66143,2313,63384,64244,860,66850,67731,881,56683,67731,11048,63181,63198,64221,64238,63175,63192,64269,64286,63178,63195,64320,64337,63185,63202,64343,64360,63200,63828,64285,65141,63194,63829,64333,65138,63197,63870,64384,65146,63204,63860,64408,65171,63830,64054,65143,66143,63831,64071,65140,66065,63872,64221,65148,65888,63862,64237,65173,65936,ok,no error,warp0_1_k_tma_qk_mma_warp2_3_v_tma_pv_mma_pipe_consumers_x64_exp2_pack_store_x2_p_done_after_ld_pv_pingpong_dep
qk_pack_smem_pv_2pipe_trace,0.105376,15,1,1,57744,58611,867,61809,62683,874,63934,65760,1826,63953,66416,2463,64785,66926,2141,64435,65400,965,67762,68531,769,57744,68531,10787,63938,63955,65743,65760,63940,63957,65631,65648,63936,63953,65429,65446,63934,63951,65374,65391,63957,64905,65802,66416,63959,64865,65690,66262,63955,64801,65488,66048,63953,64783,65434,65995,64907,65583,66418,66926,64867,65457,66264,66815,64803,64976,66050,66545,64785,64936,65997,66364,ok,no error,warp0_1_k_tma_qk_mma_warp2_3_v_tma_pv_mma_pipe_consumers_x64_exp2_pack_store_x2_p_done_after_ld_pv_pingpong_dep
qk_pack_smem_pv_2pipe_trace,0.105376,16,0,0,61380,62449,1069,64479,65239,760,67748,68929,1181,67771,69975,2204,68405,70812,2407,68100,68952,852,71361,72526,1165,61380,72526,11146,67755,67776,68706,68818,67748,67769,68667,68794,67757,67778,68787,68871,67752,67773,68858,68929,67778,68413,68863,69936,67771,68403,68854,69935,67780,68438,68918,69943,67775,68454,68979,69975,68415,68693,69938,70748,68405,68654,69937,70693,68440,68769,69945,70812,68456,68841,69977,70685,ok,no error,warp0_1_k_tma_qk_mma_warp2_3_v_tma_pv_mma_pipe_consumers_x64_exp2_pack_store_x2_p_done_after_ld_pv_pingpong_dep
qk_pack_smem_pv_2pipe_trace,0.105376,17,1,1,62849,63725,876,65871,66874,1003,68736,70758,2022,68759,71423,2664,69869,71766,1897,69063,70004,941,72459,73237,778,62849,73237,10388,68758,68779,70673,70758,68757,68778,70496,70630,68753,68777,70398,70542,68736,68757,70285,70441,68781,69901,70801,71423,68780,69883,70672,71315,68779,69875,70584,71172,68759,69867,70483,71064,69903,70660,71425,71766,69885,70483,71317,71555,69877,70385,71174,71483,69869,70271,71066,71339,ok,no error,warp0_1_k_tma_qk_mma_warp2_3_v_tma_pv_mma_pipe_consumers_x64_exp2_pack_store_x2_p_done_after_ld_pv_pingpong_dep
qk_pack_smem_pv_2pipe_trace,0.105376,18,0,0,66017,67111,1094,69049,69812,763,72438,73681,1243,72457,74464,2007,73143,75308,2165,72720,73575,855,76224,77155,931,66017,77155,11138,72439,72456,73600,73617,72441,72458,73485,73502,72443,72460,73571,73588,72438,72455,73664,73681,72458,73141,73664,74440,72460,73141,73549,74440,72462,73175,73633,74400,72457,73175,73731,74464,73143,73431,74442,75290,73143,73335,74442,75308,73177,73454,74402,75103,73177,73588,74466,75169,ok,no error,warp0_1_k_tma_qk_mma_warp2_3_v_tma_pv_mma_pipe_consumers_x64_exp2_pack_store_x2_p_done_after_ld_pv_pingpong_dep
qk_pack_smem_pv_2pipe_trace,0.105376,19,1,1,67059,67944,885,70869,71798,929,73213,74977,1764,73232,75643,2411,74043,76168,2125,73742,74697,955,77056,77832,776,67059,77832,10773,73217,73234,74810,74827,73219,73236,74960,74977,73213,73230,74671,74688,73215,73233,74678,74695,73236,74080,74869,75458,73238,74168,75019,75643,73232,74048,74730,75304,73235,74041,74738,75306,74082,74642,75460,75999,74170,74817,75645,76168,74050,74239,75309,75877,74043,74236,75308,75779,ok,no error,warp0_1_k_tma_qk_mma_warp2_3_v_tma_pv_mma_pipe_consumers_x64_exp2_pack_store_x2_p_done_after_ld_pv_pingpong_dep
qk_pack_smem_pv_2pipe_trace,0.105376,20,0,0,69910,71032,1122,73808,74582,774,77046,78244,1198,77069,79312,2243,77710,80068,2358,77283,78136,853,80600,81690,1090,69910,81690,11780,77050,77071,78002,78151,77047,77068,78003,78159,77049,77070,78088,78198,77046,77067,78182,78244,77073,77708,78198,79248,77070,77708,78206,79253,77072,77732,78245,79272,77069,77742,78291,79312,77710,77989,79250,80060,77710,77990,79255,80009,77734,78071,79274,79903,77744,78164,79314,80068,ok,no error,warp0_1_k_tma_qk_mma_warp2_3_v_tma_pv_mma_pipe_consumers_x64_exp2_pack_store_x2_p_done_after_ld_pv_pingpong_dep
qk_pack_smem_pv_2pipe_trace,0.105376,21,1,1,72006,72826,820,75092,76043,951,78064,80019,1955,78087,80687,2600,79180,81095,1915,78241,79184,943,81595,82347,752,72006,82347,10341,78064,78085,79871,80019,78073,78094,79844,79979,78080,78107,79519,79662,78089,78110,79735,79888,78087,79203,80064,80668,78096,79219,80023,80687,78109,79178,79704,80287,78112,79221,79931,80529,79205,79858,80670,81095,79221,79831,80689,81051,79180,79506,80289,80481,79223,79722,80531,80980,ok,no error,warp0_1_k_tma_qk_mma_warp2_3_v_tma_pv_mma_pipe_consumers_x64_exp2_pack_store_x2_p_done_after_ld_pv_pingpong_dep
qk_pack_smem_pv_2pipe_trace,0.105376,22,0,0,75209,76189,980,78361,79333,972,81533,82726,1193,81552,83547,1995,82192,84454,2262,81816,82664,848,85730,86583,853,75209,86583,11374,81533,81550,82631,82648,81538,81555,82668,82686,81537,81554,82703,82720,81539,81556,82708,82726,81552,82190,82695,83532,81557,82198,82731,83506,81556,82224,82767,83531,81558,82214,82776,83547,82192,82446,83534,84454,82200,82500,83508,84362,82226,82556,83533,84336,82216,82548,83549,84361,ok,no error,warp0_1_k_tma_qk_mma_warp2_3_v_tma_pv_mma_pipe_consumers_x64_exp2_pack_store_x2_p_done_after_ld_pv_pingpong_dep
qk_pack_smem_pv_2pipe_trace,0.105376,23,1,1,76236,77123,887,80134,81041,907,82312,84238,1926,82331,84901,2570,83171,85345,2174,82770,83671,901,86485,87460,975,76236,87460,11224,82314,82331,84221,84238,82316,82333,83874,83891,82318,82335,83885,83902,82312,82329,83872,83889,82333,83275,84280,84901,82335,83177,83933,84497,82337,83177,83944,84505,82331,83169,83932,84496,83277,84083,84903,85345,83179,83698,84499,85160,83179,83711,84507,85201,83171,83690,84498,85161,ok,no error,warp0_1_k_tma_qk_mma_warp2_3_v_tma_pv_mma_pipe_consumers_x64_exp2_pack_store_x2_p_done_after_ld_pv_pingpong_dep
qk_pack_smem_pv_2pipe_trace,0.105376,24,0,0,79886,80986,1100,82848,83615,767,86475,87621,1146,86498,88793,2295,87123,89702,2579,86898,87762,864,90279,91582,1303,79886,91582,11696,86480,86501,87365,87512,86478,86499,87364,87507,86476,86497,87575,87621,86475,86496,87495,87598,86503,87123,87554,88600,86501,87121,87549,88616,86499,87164,87671,88793,86498,87145,87640,88776,87125,87352,88602,89204,87123,87351,88618,89305,87166,87562,88795,89678,87147,87482,88778,89702,ok,no error,warp0_1_k_tma_qk_mma_warp2_3_v_tma_pv_mma_pipe_consumers_x64_exp2_pack_store_x2_p_done_after_ld_pv_pingpong_dep
qk_pack_smem_pv_2pipe_trace,0.105376,25,1,1,81314,82258,944,84355,85218,863,87621,89847,2226,87644,90511,2867,88678,90909,2231,87945,88887,942,91455,92238,783,81314,92238,10924,87626,87647,89560,89702,87621,87642,89553,89697,87673,87694,89594,89736,87659,87680,89739,89847,87649,88701,89744,90343,87644,88676,89740,90359,87696,88785,89780,90384,87682,88792,89890,90511,88703,89547,90345,90656,88678,89540,90361,90728,88787,89581,90386,90825,88794,89726,90513,90909,ok,no error,warp0_1_k_tma_qk_mma_warp2_3_v_tma_pv_mma_pipe_consumers_x64_exp2_pack_store_x2_p_done_after_ld_pv_pingpong_dep
qk_pack_smem_pv_2pipe_trace,0.105376,26,0,0,84352,85291,939,87742,88509,767,91437,92657,1220,91456,93450,1994,92139,94331,2192,91781,92782,1001,95559,96411,852,84352,96411,12059,91437,91454,92516,92533,91439,91456,92561,92579,91441,91458,92601,92618,91445,91464,92640,92657,91456,92137,92580,93426,91458,92145,92626,93417,91460,92181,92665,93425,91466,92178,92705,93450,92139,92355,93428,94331,92147,92426,93419,94213,92183,92490,93427,94201,92180,92543,93452,94283,ok,no error,warp0_1_k_tma_qk_mma_warp2_3_v_tma_pv_mma_pipe_consumers_x64_exp2_pack_store_x2_p_done_after_ld_pv_pingpong_dep
qk_pack_smem_pv_2pipe_trace,0.105376,27,1,1,85419,86294,875,89966,90757,791,92216,94080,1864,92235,94748,2513,93067,95220,2153,92630,93543,913,96318,97088,770,85419,97088,11669,92219,92236,94063,94080,92221,92238,93829,93846,92224,92241,93712,93729,92216,92233,93727,93744,92238,93161,94122,94748,92240,93097,93888,94471,92243,93065,93771,94329,92235,93065,93786,94349,93163,93913,94750,95220,93099,93683,94473,95109,93067,93546,94331,94743,93067,93555,94351,94748,ok,no error,warp0_1_k_tma_qk_mma_warp2_3_v_tma_pv_mma_pipe_consumers_x64_exp2_pack_store_x2_p_done_after_ld_pv_pingpong_dep
qk_pack_smem_pv_2pipe_trace,0.105376,28,0,0,88608,89655,1047,92775,93545,770,96304,97490,1186,96327,98522,2195,96971,99312,2341,96539,97390,851,99775,101051,1276,88608,101051,12443,96313,96334,97256,97390,96308,96329,97263,97397,96304,96325,97353,97462,96308,96329,97423,97490,96336,96969,97435,98498,96331,96969,97439,98480,96327,96993,97510,98501,96331,97003,97540,98522,96971,97243,98500,99312,96971,97249,98482,99043,96995,97340,98503,99083,97005,97405,98524,99184,ok,no error,warp0_1_k_tma_qk_mma_warp2_3_v_tma_pv_mma_pipe_consumers_x64_exp2_pack_store_x2_p_done_after_ld_pv_pingpong_dep
qk_pack_smem_pv_2pipe_trace,0.105376,29,1,1,91034,91946,912,94198,95083,885,97286,99401,2115,97310,100053,2743,98395,100282,1887,97492,98390,898,101069,101809,740,91034,101809,10775,97309,97330,99093,99249,97546,97568,99314,99401,97307,97328,98627,98775,97286,97308,98662,98810,97332,98450,99293,99905,97570,98565,99446,100053,97330,98393,98817,99394,97310,98401,98852,99405,98452,99080,99907,100033,98567,99301,100055,100282,98395,98614,99396,99710,98403,98649,99407,99740,ok,no error,warp0_1_k_tma_qk_mma_warp2_3_v_tma_pv_mma_pipe_consumers_x64_exp2_pack_store_x2_p_done_after_ld_pv_pingpong_dep
qk_pack_smem_pv_2pipe_trace,0.105376,30,0,0,94217,95170,953,97609,98571,962,101026,102213,1187,101045,103030,1985,101687,103937,2250,101189,102287,1098,105165,106026,861,94217,106026,11809,101030,101047,102067,102084,101032,101049,102132,102149,101026,101043,102152,102169,101036,101053,102196,102213,101049,101685,102132,102989,101051,101711,102196,102990,101045,101711,102216,102989,101055,101728,102263,103030,101687,101901,102991,103937,101713,101989,102992,103809,101713,102012,102991,103787,101730,102103,103032,103856,ok,no error,warp0_1_k_tma_qk_mma_warp2_3_v_tma_pv_mma_pipe_consumers_x64_exp2_pack_store_x2_p_done_after_ld_pv_pingpong_dep
qk_pack_smem_pv_2pipe_trace,0.105376,31,1,1,95293,96240,947,99637,101062,1425,101782,103695,1913,101801,104354,2553,102654,104908,2254,102287,103174,887,105918,106792,874,95293,106792,11499,101785,101802,103678,103695,101787,101804,103374,103391,101789,101806,103352,103369,101782,101799,103317,103334,101804,102740,103737,104354,101806,102668,103433,104035,101808,102668,103411,103999,101801,102652,103376,103937,102742,103518,104356,104908,102670,103200,104037,104716,102670,103179,104001,104675,102654,103144,103939,104249,ok,no error,warp0_1_k_tma_qk_mma_warp2_3_v_tma_pv_mma_pipe_consumers_x64_exp2_pack_store_x2_p_done_after_ld_pv_pingpong_dep
qk_pack_smem_pv_2pipe_trace,0.105376,32,0,0,99108,100185,1077,102332,103098,766,105913,107200,1287,105936,108064,2128,106576,109049,2473,106341,107200,859,109747,110814,1067,99108,110814,11706,105919,105940,106804,106911,105916,105937,106786,106887,105913,105934,106894,106950,106225,106246,107158,107200,105942,106582,106958,107974,105939,106574,106934,107974,105936,106605,106997,107982,106248,107015,107251,108064,106584,106789,107976,109049,106576,106768,107976,109009,106607,106876,107984,108985,107017,107143,108066,108710,ok,no error,warp0_1_k_tma_qk_mma_warp2_3_v_tma_pv_mma_pipe_consumers_x64_exp2_pack_store_x2_p_done_after_ld_pv_pingpong_dep
qk_pack_smem_pv_2pipe_trace,0.105376,33,1,1,101174,102064,890,103817,104673,856,106730,108962,2232,106758,109627,2869,107751,109971,2220,107229,108166,937,110738,111539,801,101174,111539,10365,106783,106811,108814,108962,106782,106805,108797,108944,106790,106811,108651,108790,106730,106753,107891,108277,106813,107917,109004,109627,106807,107925,108986,109627,106813,107861,108832,109416,106758,107749,108319,108875,107919,108801,109629,109971,107927,108784,109629,109968,107863,108637,109418,109674,107751,107878,108877,109263,ok,no error,warp0_1_k_tma_qk_mma_warp2_3_v_tma_pv_mma_pipe_consumers_x64_exp2_pack_store_x2_p_done_after_ld_pv_pingpong_dep
qk_pack_smem_pv_2pipe_trace,0.105376,34,0,0,103808,104738,930,107322,108084,762,110717,111939,1222,110736,112735,1999,111423,113608,2185,111008,111867,859,114560,115434,874,103808,115434,11626,110720,110737,111872,111891,110722,110739,111859,111876,110719,110736,111922,111939,110717,110734,111920,111937,110739,111421,111937,112721,110741,111421,111923,112694,110738,111455,111986,112702,110736,111440,111988,112735,111423,111668,112723,113548,111423,111692,112696,113608,111457,111788,112704,113455,111442,111775,112737,113516,ok,no error,warp0_1_k_tma_qk_mma_warp2_3_v_tma_pv_mma_pipe_consumers_x64_exp2_pack_store_x2_p_done_after_ld_pv_pingpong_dep
qk_pack_smem_pv_2pipe_trace,0.105376,35,1,1,104952,105830,878,109078,110015,937,111492,113188,1696,111511,113841,2330,112321,114319,1998,111956,112924,968,115330,116197,867,104952,116197,11245,111497,111514,113049,113066,111499,111516,113171,113188,111495,111513,112985,113002,111492,111509,113058,113075,111516,112334,113108,113705,111518,112382,113230,113841,111515,112319,113044,113603,111511,112335,113117,113682,112336,112876,113707,114211,112384,113005,113843,114319,112321,112549,113605,114043,112337,112885,113684,114259,ok,no error,warp0_1_k_tma_qk_mma_warp2_3_v_tma_pv_mma_pipe_consumers_x64_exp2_pack_store_x2_p_done_after_ld_pv_pingpong_dep
qk_pack_smem_pv_2pipe_trace,0.105376,36,0,0,108799,109949,1150,112058,112821,763,115326,116575,1249,115349,117473,2124,115990,118249,2259,115569,116433,864,118819,119831,1012,108799,119831,11032,115330,115351,116213,116324,115327,115348,116211,116317,115326,115347,116290,116375,115629,115650,116531,116575,115353,115988,116371,117394,115350,115988,116364,117395,115349,116020,116422,117377,115652,116374,116622,117473,115990,116198,117396,118249,115990,116194,117397,118131,116022,116273,117379,117935,116376,116510,117475,118108,ok,no error,warp0_1_k_tma_qk_mma_warp2_3_v_tma_pv_mma_pipe_consumers_x64_exp2_pack_store_x2_p_done_after_ld_pv_pingpong_dep
qk_pack_smem_pv_2pipe_trace,0.105376,37,1,1,110215,111106,891,113301,114304,1003,116156,118101,1945,116181,118784,2603,117216,119143,1927,116384,117360,976,119850,120615,765,110215,120615,10400,116195,116220,117958,118101,116203,116230,117823,117954,116178,116199,117447,117598,116156,116177,117518,117675,116222,117320,118145,118784,116232,117302,117996,118605,116201,117214,117640,118196,116181,117230,117717,118274,117322,117945,118786,119143,117304,117810,118607,119032,117216,117434,118198,118662,117232,117505,118276,118599,ok,no error,warp0_1_k_tma_qk_mma_warp2_3_v_tma_pv_mma_pipe_consumers_x64_exp2_pack_store_x2_p_done_after_ld_pv_pingpong_dep
qk_pack_smem_pv_2pipe_trace,0.105376,38,0,0,113378,114407,1029,116692,117639,947,119804,120987,1183,119823,121803,1980,120461,122719,2258,120029,120921,892,123627,124518,891,113378,124518,11140,119805,119822,120895,120912,119807,119824,120896,120913,119810,119827,120936,120953,119804,119821,120970,120987,119824,120459,120959,121770,119826,120459,120960,121762,119829,120493,121000,121761,119823,120491,121034,121803,120461,120693,121772,122719,120461,120708,121764,122590,120495,120797,121763,122508,120493,120881,121805,122698,ok,no error,warp0_1_k_tma_qk_mma_warp2_3_v_tma_pv_mma_pipe_consumers_x64_exp2_pack_store_x2_p_done_after_ld_pv_pingpong_dep
qk_pack_smem_pv_2pipe_trace,0.105376,39,1,1,114494,115352,858,118224,119134,910,120565,122356,1791,120584,123010,2426,121403,123544,2141,121061,122029,968,124422,125192,770,114494,125192,10698,120569,120586,122339,122356,120571,120588,122156,122173,120565,120582,122019,122036,120567,120584,122242,122259,120588,121475,122398,123010,120590,121449,122215,122808,120584,121401,122078,122640,120586,121458,122306,122873,121477,122175,123012,123544,121451,121988,122811,123415,121403,121578,122642,123045,121460,122063,122875,123431,ok,no error,warp0_1_k_tma_qk_mma_warp2_3_v_tma_pv_mma_pipe_consumers_x64_exp2_pack_store_x2_p_done_after_ld_pv_pingpong_dep
qk_pack_smem_pv_2pipe_trace,0.105376,40,0,0,118253,119213,960,121105,121879,774,124411,125576,1165,124434,126639,2205,125075,127473,2398,124835,125683,848,128065,129111,1046,118253,129111,10858,124418,124439,125363,125487,124415,124436,125371,125501,124411,124432,125427,125535,124412,124433,125524,125576,124441,125073,125532,126615,124438,125073,125546,126597,124434,125091,125582,126621,124435,125107,125625,126639,125075,125350,126617,127473,125075,125357,126599,127429,125093,125413,126623,127333,125109,125508,126641,127350,ok,no error,warp0_1_k_tma_qk_mma_warp2_3_v_tma_pv_mma_pipe_consumers_x64_exp2_pack_store_x2_p_done_after_ld_pv_pingpong_dep
qk_pack_smem_pv_2pipe_trace,0.105376,41,1,1,119409,120232,823,122468,123424,956,125418,127471,2053,125441,128147,2706,126540,128354,1814,125714,126651,937,129046,129824,778,119409,129824,10415,125422,125443,127338,127471,125427,125448,127043,127191,125431,125452,127028,127180,125418,125439,127036,127171,125445,126581,127518,128147,125450,126538,127233,127856,125454,126546,127222,127829,125441,126546,127213,127809,126583,127325,128149,128354,126540,127030,127858,128250,126548,127015,127831,128119,126548,127023,127811,128082,ok,no error,warp0_1_k_tma_qk_mma_warp2_3_v_tma_pv_mma_pipe_consumers_x64_exp2_pack_store_x2_p_done_after_ld_pv_pingpong_dep
qk_pack_smem_pv_2pipe_trace,0.105376,42,0,0,122601,123634,1033,125697,126459,762,129022,130263,1241,129041,131045,2004,129730,131878,2148,129304,130163,859,133029,134105,1076,122601,134105,11504,129026,129043,130195,130212,129028,129045,130147,130165,129022,129039,130228,130245,129025,129042,130246,130263,129045,129728,130260,131013,129047,129728,130212,130999,129041,129769,130292,131007,129044,129762,130310,131045,129730,130002,131015,131859,129730,129953,131001,131868,129771,130109,131009,131716,129764,130102,131047,131878,ok,no error,warp0_1_k_tma_qk_mma_warp2_3_v_tma_pv_mma_pipe_consumers_x64_exp2_pack_store_x2_p_done_after_ld_pv_pingpong_dep
qk_pack_smem_pv_2pipe_trace,0.105376,43,1,1,123621,124585,964,127591,128377,786,129800,131482,1682,129819,132122,2303,130607,132690,2083,130226,131128,902,134009,134780,771,123621,134780,11159,129804,129821,131378,131395,129806,129823,131458,131475,129803,129820,131239,131256,129800,129817,131465,131482,129823,130645,131437,132027,129825,130677,131517,132122,129822,130605,131298,131859,129819,130661,131526,132097,130647,131203,132029,132619,130679,131298,132124,132690,130607,131038,131861,132327,130663,131283,132099,132658,ok,no error,warp0_1_k_tma_qk_mma_warp2_3_v_tma_pv_mma_pipe_consumers_x64_exp2_pack_store_x2_p_done_after_ld_pv_pingpong_dep
qk_pack_smem_pv_2pipe_trace,0.105376,44,0,0,126557,127582,1025,130380,131156,776,133998,135180,1182,134021,136242,2221,134656,136964,2308,134232,135092,860,137574,138492,918,126557,138492,11935,133999,134020,134939,135074,134002,134023,134965,135105,133998,134019,135043,135153,134005,134029,135116,135180,134022,134654,135120,136187,134025,134662,135150,136203,134021,134686,135200,136203,134031,134686,135232,136242,134656,134926,136189,136964,134664,134951,136205,136889,134688,135025,136205,136922,134688,135096,136244,136953,ok,no error,warp0_1_k_tma_qk_mma_warp2_3_v_tma_pv_mma_pipe_consumers_x64_exp2_pack_store_x2_p_done_after_ld_pv_pingpong_dep
qk_pack_smem_pv_2pipe_trace,0.105376,45,1,1,128600,129426,826,131599,132579,980,135004,136889,1885,135027,137554,2527,136105,138004,1899,135186,136083,897,138528,139297,769,128600,139297,10697,135004,135025,136783,136889,135027,135048,136661,136769,135011,135035,136421,136561,135018,135039,136562,136689,135027,136143,136933,137554,135050,136143,136811,137432,135037,136103,136603,137154,135041,136120,136731,137320,136145,136767,137556,138004,136145,136647,137434,137990,136105,136408,137156,137414,136122,136549,137322,137726,ok,no error,warp0_1_k_tma_qk_mma_warp2_3_v_tma_pv_mma_pipe_consumers_x64_exp2_pack_store_x2_p_done_after_ld_pv_pingpong_dep
qk_pack_smem_pv_2pipe_trace,0.105376,46,0,0,131724,132980,1256,135301,136259,958,138482,139662,1180,138501,140487,1986,139138,141387,2249,138692,139545,853,142293,143190,897,131724,143190,11466,138489,138506,139576,139593,138485,138502,139551,139568,138486,138503,139632,139649,138482,138499,139644,139662,138508,139136,139640,140454,138504,139137,139616,140446,138505,139186,139696,140454,138501,139168,139710,140487,139138,139373,140456,141387,139139,139364,140448,141360,139188,139520,140456,141178,139170,139541,140489,141326,ok,no error,warp0_1_k_tma_qk_mma_warp2_3_v_tma_pv_mma_pipe_consumers_x64_exp2_pack_store_x2_p_done_after_ld_pv_pingpong_dep
qk_pack_smem_pv_2pipe_trace,0.105376,47,1,1,132824,133689,865,137004,137955,951,139242,140963,1721,139261,141607,2346,140095,142154,2059,139736,140651,915,143088,143870,782,132824,143870,11046,139242,139259,140938,140955,139243,139260,140946,140963,139246,139263,140703,140720,139248,139265,140865,140882,139261,140165,140997,141603,139262,140173,141005,141607,139265,140093,140762,141318,139267,140141,140925,141493,140167,140778,141605,142145,140175,140786,141609,142154,140095,140257,141320,141814,140143,140706,141495,142078,ok,no error,warp0_1_k_tma_qk_mma_warp2_3_v_tma_pv_mma_pipe_consumers_x64_exp2_pack_store_x2_p_done_after_ld_pv_pingpong_dep
qk_pack_smem_pv_2pipe_trace,0.105376,48,0,0,136789,137906,1117,139780,140563,783,143084,144285,1201,143109,145382,2273,143745,146121,2376,143498,144410,912,146708,147831,1123,136789,147831,11042,143086,143107,143977,144068,143089,143110,143994,144084,143432,143453,144256,144285,143084,143108,144042,144104,143109,143743,144133,145219,143112,143751,144126,145206,143455,144111,144330,145382,143110,143767,144150,145254,143745,143963,145221,145959,143753,143980,145208,145866,144113,144242,145384,146121,143769,144026,145256,146033,ok,no error,warp0_1_k_tma_qk_mma_warp2_3_v_tma_pv_mma_pipe_consumers_x64_exp2_pack_store_x2_p_done_after_ld_pv_pingpong_dep
qk_pack_smem_pv_2pipe_trace,0.105376,49,1,1,138222,139099,877,141079,142064,985,144029,145952,1923,144052,146617,2565,145151,147021,1870,144350,145263,913,147746,148551,805,138222,148551,10329,144036,144057,145648,145782,144029,144050,145656,145803,144194,144216,145813,145952,144034,144061,145733,145872,144059,145149,145829,146448,144052,145162,145845,146481,144218,145299,145994,146617,144063,145194,145914,146531,145151,145635,146450,146819,145164,145643,146483,146758,145301,145800,146619,147021,145196,145720,146533,146912,ok,no error,warp0_1_k_tma_qk_mma_warp2_3_v_tma_pv_mma_pipe_consumers_x64_exp2_pack_store_x2_p_done_after_ld_pv_pingpong_dep
qk_pack_smem_pv_2pipe_trace,0.105376,50,0,0,141265,142332,1067,144402,145171,769,147722,148959,1237,147741,149740,1999,148423,150649,2226,148025,148884,859,151824,152674,850,141265,152674,11409,147722,147739,148828,148846,147726,147743,148854,148871,147729,147746,148942,148959,147725,147742,148920,148937,147741,148421,148893,149709,147745,148429,148918,149708,147748,148455,149007,149716,147744,148453,148985,149740,148423,148641,149711,150649,148431,148674,149710,150568,148457,148841,149718,150360,148455,148776,149742,150504,ok,no error,warp0_1_k_tma_qk_mma_warp2_3_v_tma_pv_mma_pipe_consumers_x64_exp2_pack_store_x2_p_done_after_ld_pv_pingpong_dep
qk_pack_smem_pv_2pipe_trace,0.105376,51,1,1,142305,143188,883,146066,146917,851,148503,150344,1841,148522,151005,2483,149308,151500,2192,148956,149882,926,152579,153350,771,142305,153350,11045,148505,148522,150327,150344,148503,148520,150152,150169,148507,148524,149883,149900,148509,148526,150043,150060,148524,149412,150389,151005,148522,149388,150211,150796,148526,149306,149942,150504,148528,149358,150102,150666,149414,150186,151007,151500,149390,149974,150798,151436,149308,149443,150506,150910,149360,149870,150668,151147,ok,no error,warp0_1_k_tma_qk_mma_warp2_3_v_tma_pv_mma_pipe_consumers_x64_exp2_pack_store_x2_p_done_after_ld_pv_pingpong_dep
qk_pack_smem_pv_2pipe_trace,0.105376,52,0,0,145557,146706,1149,149078,149850,772,152567,153753,1186,152590,154809,2219,153234,155642,2408,152802,153659,857,156176,157221,1045,145557,157221,11664,152575,152596,153536,153675,152568,152590,153537,153684,152567,152588,153632,153735,152575,152599,153666,153753,152598,153232,153722,154773,152592,153232,153731,154784,152590,153256,153781,154770,152601,153256,153804,154809,153234,153523,154775,155642,153234,153524,154786,155474,153258,153618,154772,155418,153258,153651,154811,155413,ok,no error,warp0_1_k_tma_qk_mma_warp2_3_v_tma_pv_mma_pipe_consumers_x64_exp2_pack_store_x2_p_done_after_ld_pv_pingpong_dep
qk_pack_smem_pv_2pipe_trace,0.105376,53,1,1,147172,148004,832,150460,151449,989,153575,155640,2065,153598,156296,2698,154654,156533,1879,153748,154682,934,157256,158023,767,147172,158023,10851,153591,153612,155506,155640,153600,153621,155194,155334,153575,153596,154818,154967,153584,153605,155042,155150,153614,154750,155687,156296,153623,154724,155376,155960,153598,154652,155009,155568,153607,154688,155192,155770,154752,155493,156298,156533,154726,155181,155962,156208,154654,154805,155570,155889,154690,155029,155772,156076,ok,no error,warp0_1_k_tma_qk_mma_warp2_3_v_tma_pv_mma_pipe_consumers_x64_exp2_pack_store_x2_p_done_after_ld_pv_pingpong_dep
qk_pack_smem_pv_2pipe_trace,0.105376,54,0,0,150496,151497,1001,153875,154826,951,157210,158389,1179,157229,159211,1982,157858,160163,2305,157421,158317,896,160612,161659,1047,150496,161659,11163,157211,157228,158249,158266,157213,157230,158263,158280,157216,157233,158371,158389,157210,157227,158348,158365,157230,157856,158314,159180,157232,157865,158327,159170,157235,157915,158436,159170,157229,157897,158413,159211,157858,158064,159182,160163,157867,158091,159172,160070,157917,158282,159172,159845,157899,158239,159213,160049,ok,no error,warp0_1_k_tma_qk_mma_warp2_3_v_tma_pv_mma_pipe_consumers_x64_exp2_pack_store_x2_p_done_after_ld_pv_pingpong_dep
qk_pack_smem_pv_2pipe_trace,0.105376,55,1,1,151702,152582,880,155783,156756,973,157969,159913,1944,157988,160593,2605,158803,161048,2245,158437,159359,922,161699,162453,754,151702,162453,10751,157976,157993,159896,159913,157971,157988,159666,159683,157969,157986,159348,159365,157973,157990,159638,159655,157995,158945,159958,160593,157990,158897,159725,160320,157988,158801,159407,159966,157992,158881,159697,160279,158947,159729,160595,161048,158899,159503,160322,160895,158803,158929,159968,160368,158883,159462,160281,160815,ok,no error,warp0_1_k_tma_qk_mma_warp2_3_v_tma_pv_mma_pipe_consumers_x64_exp2_pack_store_x2_p_done_after_ld_pv_pingpong_dep
qk_pack_smem_pv_2pipe_trace,0.105376,56,0,0,155321,156538,1217,158508,159278,770,161688,162999,1311,161711,163847,2136,162353,164794,2441,162026,162908,882,165467,166482,1015,155321,166482,11161,161694,161715,162577,162665,161696,161717,162578,162668,162007,162036,162970,162999,161688,161709,162687,162723,161717,162351,162726,163804,161719,162351,162729,163806,162039,162817,163046,163835,161711,162386,162772,163847,162353,162563,163806,164794,162353,162564,163808,164703,162819,162949,163837,164391,162388,162672,163849,164742,ok,no error,warp0_1_k_tma_qk_mma_warp2_3_v_tma_pv_mma_pipe_consumers_x64_exp2_pack_store_x2_p_done_after_ld_pv_pingpong_dep
qk_pack_smem_pv_2pipe_trace,0.105376,57,1,1,156867,157668,801,160029,160897,868,162537,164813,2276,162565,165476,2911,163502,165811,2309,162955,163867,912,166412,167213,801,156867,167213,10346,162629,162650,164647,164813,162632,162653,164519,164644,162537,162560,163814,164016,162622,162643,164479,164612,162652,163788,164856,165476,162655,163764,164686,165323,162565,163500,164058,164614,162645,163788,164654,165247,163790,164634,165478,165811,163766,164506,165325,165647,163502,163798,164616,165003,163790,164466,165249,165375,ok,no error,warp0_1_k_tma_qk_mma_warp2_3_v_tma_pv_mma_pipe_consumers_x64_exp2_pack_store_x2_p_done_after_ld_pv_pingpong_dep
qk_pack_smem_pv_2pipe_trace,0.105376,58,0,0,160109,161065,956,163118,163883,765,166393,167630,1237,166412,168422,2010,167095,169351,2256,166674,167557,883,170525,171376,851,160109,171376,11267,166396,166413,167523,167540,166398,166415,167456,167473,166393,166410,167613,167630,166402,166421,167590,167607,166415,167103,167587,168407,166417,167093,167521,168381,166412,167145,167678,168389,166423,167128,167657,168422,167105,167335,168409,169335,167095,167294,168383,169351,167147,167534,168391,169020,167130,167466,168424,169206,ok,no error,warp0_1_k_tma_qk_mma_warp2_3_v_tma_pv_mma_pipe_consumers_x64_exp2_pack_store_x2_p_done_after_ld_pv_pingpong_dep
qk_pack_smem_pv_2pipe_trace,0.105376,59,1,1,161066,161954,888,164933,165776,843,167183,169062,1879,167202,169700,2498,168007,170257,2250,167609,168535,926,171287,172056,769,161066,172056,10990,167189,167206,169002,169019,167183,167200,169045,169062,167185,167202,168531,168548,167186,167203,168770,168787,167208,168119,169061,169700,167202,168157,169104,169691,167204,168005,168590,169149,167205,168077,168829,169421,168121,168853,169702,170257,168159,168893,169693,170255,168007,168133,169151,169524,168079,168603,169423,170081,ok,no error,warp0_1_k_tma_qk_mma_warp2_3_v_tma_pv_mma_pipe_consumers_x64_exp2_pack_store_x2_p_done_after_ld_pv_pingpong_dep
qk_pack_smem_pv_2pipe_trace,0.105376,60,0,0,164425,165662,1237,167748,168525,777,171270,172458,1188,171293,173525,2232,171932,174258,2326,171503,172351,848,174889,175954,1065,164425,175954,11529,171272,171293,172215,172354,171279,171300,172239,172372,171270,171291,172288,172412,171277,171298,172403,172458,171295,171930,172400,173460,171302,171938,172418,173489,171293,171954,172459,173504,171300,171972,172511,173525,171932,172202,173462,174250,171940,172226,173491,174162,171956,172275,173506,174258,171974,172384,173527,174239,ok,no error,warp0_1_k_tma_qk_mma_warp2_3_v_tma_pv_mma_pipe_consumers_x64_exp2_pack_store_x2_p_done_after_ld_pv_pingpong_dep
qk_pack_smem_pv_2pipe_trace,0.105376,61,1,1,166025,166828,803,169174,170142,968,172287,174379,2092,172310,175032,2722,173400,175341,1941,172476,173388,912,175993,176765,772,166025,176765,10740,172287,172308,174253,174379,172303,172324,173965,174081,172305,172326,173874,173993,172300,172321,173709,173857,172310,173470,174421,175032,172326,173437,174123,174723,172328,173429,174035,174604,172323,173398,173899,174453,173472,174235,175034,175341,173439,173952,174725,175200,173431,173861,174606,174852,173400,173696,174455,174728,ok,no error,warp0_1_k_tma_qk_mma_warp2_3_v_tma_pv_mma_pipe_consumers_x64_exp2_pack_store_x2_p_done_after_ld_pv_pingpong_dep
qk_pack_smem_pv_2pipe_trace,0.105376,62,0,0,169115,170113,998,172582,173561,979,175943,177122,1179,175962,177911,1949,176606,178808,2202,176156,177003,847,179363,180153,790,169115,180153,11038,175945,175962,177066,177083,175943,175960,177051,177068,175948,175965,177105,177122,175950,175967,177101,177118,175964,176604,177129,177863,175962,176604,177115,177872,175967,176646,177169,177877,175969,176636,177167,177911,176606,176838,177865,178761,176606,176830,177874,178808,176648,176980,177879,178653,176638,176979,177913,178734,ok,no error,warp0_1_k_tma_qk_mma_warp2_3_v_tma_pv_mma_pipe_consumers_x64_exp2_pack_store_x2_p_done_after_ld_pv_pingpong_dep
qk_pack_smem_pv_2pipe_trace,0.105376,63,1,1,170403,171289,886,174506,175411,905,176712,178461,1749,176731,179079,2348,177543,179495,1952,177169,178092,923,180169,181019,850,170403,181019,10616,176716,176733,178299,178316,176717,176734,178444,178461,176712,176729,178195,178212,176713,176730,178251,178268,176735,177580,178358,178921,176736,177584,178503,179079,176731,177541,178254,178815,176732,177555,178310,178874,177582,178123,178923,179386,177586,178285,179081,179495,177543,177807,178817,179179,177557,178083,178876,179302,ok,no error,warp0_1_k_tma_qk_mma_warp2_3_v_tma_pv_mma_pipe_consumers_x64_exp2_pack_store_x2_p_done_after_ld_pv_pingpong_dep
