variant	source_sha256	binary_sha256	kernel_ops_sha256	kernel_resource_sha256
baseline	cd595ba3d6b3a0be1525e9d617083ca3841c971a0f33b514b600aeb837f307ca	44318d6a1321c2180ec96cf14cff6036116ad08302f4be062d51359dd5fbed45	93e25deccdd868d20e4c3acffb9fb16fa3b807fcd68fa48f75d60e70ab2f2274	80b1dc6f80ef68e70c07f1b9cfd33c720d694901350c255dbcc90927b7fc6189
cta4	babbf462a42be168a2be96dd586237783a32df832ac90723c090b87425cf5a11	774badfdbfd84dd77ca9f2a28fb8bbf6660bdd51ed61fa13b035417d6e1ca9b5	116dada970dff011705807cdbfe04e22c29abf2a6f44233507d9a090ffdd8271	80b1dc6f80ef68e70c07f1b9cfd33c720d694901350c255dbcc90927b7fc6189
cta8	3ae69a00f2c0400e67cea96788091d3fae30bc1f45d08e3f350edbb06d5df24f	415b4abf13f11b55a9c15917f8968511a8a2e1c8c9e74f62fc5a4c3c6c88ce02	49b47b49aa6490a646268902b5a419876e3e8142c2e3002daaee5138359f20d6	80b1dc6f80ef68e70c07f1b9cfd33c720d694901350c255dbcc90927b7fc6189
b1_gap0	f46ad7057fee86e0175ed2098813f9d2dcd2ee717cbb2048107513cb90643db1	da02ebeba908835e0c28fcdcfe2a99c85da83dd857bb4998fa2e36d9f7564dfc	bac1cdb668adac6db37da296e8c7437d65f4ef152491e2c88bb93a94c5a42366	f29019fbc35fefcb4ad45f353468a5ef0bb70aa9692726ef426883a162e48bbf
b1_gap32	d2ce06b2a5c3cafb18f720166712107be0270154516a977c6538c6c37f3c7e3a	48772901122537e4d33f93862eeeb79fe5a1525b23186a0a807562f4aaf71d74	af3a1fa9c7969c582ed0f8864b8fc2561444aeba2915a50ca368ce779ae8fab7	f29019fbc35fefcb4ad45f353468a5ef0bb70aa9692726ef426883a162e48bbf
b1_gap64	257b186e2ec31243d513133374e566a220a510fbb8518767af90ad3cc1c0e21b	ed12abeb47a0d8be7926f2848412b30e5abbc4f9ed45d3422cc40655c9ace85c	65da634524140ac35c0cc2a0973f02d20adce8e835b4a9d677f80cea65df807d	f29019fbc35fefcb4ad45f353468a5ef0bb70aa9692726ef426883a162e48bbf
pipe1_gap0	6d753a70777497378844f167c2aad1b65d2e0475def2abe6c99317750a3a613b	5f506698e8dd57b56c8e2c08f340b5c8aa164179aa9e35b4c8387d932f3cd93d	f7cbbc90d1bed4a30686d63d9b6a9cceedcd027cf4f6f84c3f4b9fd6efd12387	80b1dc6f80ef68e70c07f1b9cfd33c720d694901350c255dbcc90927b7fc6189
pipe1_gap32	36b3a10fae1ccc99eaa520e6ebad8695152e0c1fed82644c288e27c4c386447f	e983c927e37878c5f06b1a4eb3496ac2ce1c4b2e097e62e3dc9c6b38ad946213	a79f5f3c34b9fe1cbd266281ca593069faff1690860b445f029c23f9397ff96c	80b1dc6f80ef68e70c07f1b9cfd33c720d694901350c255dbcc90927b7fc6189
pipe1_gap64	883edd54240fc7802af3ea2fd33768064ed9cbab0bec495d31b15d566be00274	dca1f1dfd7f1606d22ce10b7c226aeeb7090dbeb82acd75d3a49683e3e0549e9	fa069b56a8d4b67d4e3f665cc3a4e5843e745e4593bb2e394e40ba8613025f00	80b1dc6f80ef68e70c07f1b9cfd33c720d694901350c255dbcc90927b7fc6189
